{
    
    "wordSlab": {
        "0-500": "Less than 500",
        "501-1500": "501 to 1500",
        "1501-3500": "1501 to 3500",
        "3501-5000": "3501 to 5000",
        "5001-8000": "5001 to 8000"
    },
    "plans": {
        "1": "24 hrs",
        "2": "2 days",
        "3": "3 days",
        "4": "4 days",
        "5": "5 days",
        "6": "6 days"
    },
    "services":{
        "premium_plus":{
            "0-500":{
                "1": 0.129
            },
            "501-1500":{
                "1": 0.148,
                "3": 0.129
            },
            "1501-3500":{
                "1": 0.168,
                "2": 0.148,
                "4": 0.129
            },
            "3501-5000":{
                "2": 0.168,
                "3": 0.148,
                "5": 0.129
            },
            "5001-8000":{
                "3": 0.143,
                "4": 0.126,
                "6": 0.110
            }
        },
        "premium":{
            "0-500":{
                "1": 0.113
            },
            "501-1500":{
                "1": 0.130,
                "3": 0.113
            },
            "1501-3500":{
                "1": 0.147,
                "2": 0.130,
                "4": 0.113
            },
            "3501-5000":{
                "2": 0.147,
                "3": 0.130,
                "5": 0.113
            },
            "5001-8000":{
                "3": 0.118,
                "4": 0.104,
                "6": 0.090
            }
        },
        "advanced":{
            "0-500":{
                "1": 0.060
            },
            "501-1500":{
                "1": 0.069,
                "3": 0.060
            },
            "1501-3500":{
                "1": 0.078,
                "2": 0.069,
                "4": 0.060
            },
            "3501-5000":{
                "2": 0.078,
                "3": 0.069,
                "5": 0.060
            },
            "5001-8000":{
                "3": 0.066,
                "4": 0.059,
                "6": 0.051
            }
        }
    }
}